"","x"
"1","X__1"
"2","duration"
"3","key"
"4","latitude"
"5","longitude"
"6","mode"
"7","tempo"
"8","artist.hotness"
"9","artist_familiarity"
"10","bars_start"
"11","beats_start"
"12","end_of_fade_in"
"13","loudness"
"14","start_of_fade_out"
"15","tatums_start"
"16","time_signature"
"17","decade2"
"18","hip"
"19","hop"
"20","blue.eyed"
"21","soul"
"22","pop"
"23","rock"
"24","punk"
"25","breakbeat"
"26","post.hardcore"
"27","new"
"28","wave"
"29","alternative"
"30","ccm"
"31","bachata"
"32","chanson"
"33","country"
"34","chill.out"
"35","qawwali"
"36","hard"
"37","indietronica"
"38","electric"
"39","blues"
"40","uk"
"41","garage"
"42","math.core"
"43","post.grunge"
"44","breakcore"
"45","filk"
"46","latin"
"47","jazz"
"48","jump"
"49","disco"
"50","doo.wop"
"51","classic"
"52","noise"
"53","orchestra"
"54","cool"
"55","gothic"
"56","metal"
"57","ska"
"58","salsa"
"59","modern"
"60","delta"
"61","texas"
"62","trip"
"63","hardcore"
"64","techno"
"65","glam"
"66","brazilian"
"67","gangster"
"68","rap"
"69","soft"
"70","easy"
"71","listening"
"72","dance"
"73","singer.songwriter"
"74","experimental"
"75","meditation"
"76","speedcore"
"77","southern"
"78","zouk"
"79","gabba"
"80","heavy"
"81","industrial"
"82","freestyle"
"83","brill"
"84","building"
"85","melodic"
"86","british"
"87","folk.pop"
"88","stoner"
"89","western"
"90","swing"
"91","indie"
"92","ranchera"
"93","bop"
"94","free"
"95","shoegaze"
"96","gospel"
"97","blues.rock"
"98","tech"
"99","house"
"100","roots"
"101","reggae"
"102","fusion"
"103","jack"
"104","piedmont"
"105","funk"
"106","guitar"
"107","progressive"
"108","vocal"
"109","lovers"
"110","arabesque"
"111","grunge"
"112","bossa"
"113","nova"
"114","thrash"
"115","core"
"116","black"
"117","serialism"
"118","flamenco"
"119","honky"
"120","tonk"
"121","electronica"
"122","tejano"
"123","sympho"
"124","chamber"
"125","gaita"
"126","grime"
"127","brazil"
"128","future"
"129","french"
"130","greek"
"131","r"
"132","X."
"133","b"
"134","turnablism"
"135","chicago"
"136","world"
"137","beat"
"138","twee"
"139","teen"
"140","smooth"
"141","power"
"142","irish"
"143","folk"
"144","instrumental"
"145","big"
"146","dance.punk"
"147","grindcore"
"148","broken"
"149","miami"
"150","bass"
"151","funky"
"152","happy"
"153","musette"
"154","cabaret"
"155","screamo"
"156","bhangra"
"157","ballad"
"158","nu"
"159","doom"
"160","male"
"161","vocalist"
"162","tango"
"163","digital"
"164","celtic"
"165","electronics"
"166","slack"
"167","key.1"
"168","space"
"169","age"
"170","neo"
"171","lullaby"
"172","chinese"
"173","music"
"174","california"
"175","freakbeat"
"176","steady"
"177","humppa"
"178","death"
"179","zouklove"
"180","dubstep"
"181","surf"
"182","soundtrack"
"183","crunk"
"184","mariachi"
"185","charanga"
"186","synthpop"
"187","europop"
"188","viking"
"189","polka"
"190","glitch"
"191","bel"
"192","canto"
"193","orleans"
"194","trance"
"195","blackened"
"196","kraut"
"197","dark"
"198","piano"
"199","rumba"
"200","reggaeton"
"201","sludge"
"202","zydeco"
"203","speed"
"204","neue"
"205","deutsche"
"206","welle"
"207","oi"
"208","underground"
"209","art"
"210","bluegrass"
"211","dancehall"
"212","los"
"213","angeles"
"214","oldies"
"215","gypsy"
"216","shock"
"217","parody"
"218","urban"
"219","electro"
"220","motown"
"221","vaudeville"
"222","opera"
"223","cumbia"
"224","jug"
"225","band"
"226","electronic"
"227","northern"
"228","dub"
"229","improvisation"
"230","stand.up"
"231","comedy"
"232","samba"
"233","dream"
"234","brutal"
"235","heartland"
"236","jungle"
"237","groove"
"238","christian"
"239","exotica"
"240","soukous"
"241","goregrind"
"242","laika"
"243","visual"
"244","kei"
"245","religious"
"246","j"
"247","swamp"
"248","eurodance"
"249","congo"
"250","harmonica"
"251","X0"
"252","german"
"253","early"
"254","rockabilly"
"255","all.female"
"256","protopunk"
"257","invasion"
"258","louisiana"
"259","ambient"
"260","rapcore"
"261","dirty"
"262","south"
"263","romantic"
"264","neo.progressive"
"265","deep"
"266","melbourne"
"267","downtempo"
"268","ghetto"
"269","neofolk"
"270","boogaloo"
"271","hardstyle"
"272","marrabenta"
"273","cantonese"
"274","vallenato"
"275","ragga"
"276","mambo"
"277","emo"
"278","ragtime"
"279","patriotic"
"280","jangle"
"281","italian"
"282","east"
"283","coast"
"284","afrobeat"
"285","memphis"
"286","skate"
"287","X..1"
"288","n"
"289","roll"
"290","bebop"
"291","francaise"
"292","synth"
"293","lo.fi"
"294","deathrock"
"295","tribal"
"296","funeral"
"297","quiet"
"298","storm"
"299","psychobilly"
"300","marimba"
"301","straight"
"302","edge"
"303","female"
"304","bulerias"
"305","nu.soul"
"306","symphonic"
"307","sxsw"
"308","X2007"
"309","chorus"
"310","japanese"
"311","electropop"
"312","folktronica"
"313","illbient"
"314","chant"
"315","post"
"316","math"
"317","jam"
"318","outlaw"
"319","horror"
"320","electroclash"
"321","contemporary"
"322","classical"
"323","batucada"
"324","mexico"
"325","canadian"
"326","symphony"
"327","hyphy"
"328","detroit"
"329","funny"
"330","old"
"331","school"
"332","rebetika"
"333","no"
"334","frevo"
"335","klezmer"
"336","queercore"
"337","club"
"338","riot"
"339","grrrl"
"340","swedish"
"341","show"
"342","tunes"
"343","slow"
"344","americana"
"345","merengue"
"346","acid"
"347","neoclassical"
"348","dubtronica"
"349","avantgarde"
"350","musica"
"351","game"
"352","peace"
"353","guitarist"
"354","video"
"355","swiss"
"356","kizomba"
"357","choro"
"358","highlife"
"359","massachusetts"
"360","spanish"
"361","russian"
"362","easter"
"363","festival_"
"364","overture_"
"365","op"
"366","."
"367","X36"
"368","island"
"369","calypso"
"370","requiem"
"371","psychedelic"
"372","ethnic"
"373","desi"
"374","ballet"
"375","metalcore"
"376","suomi"
"377","X8.bit"
"378","pinoy"
"379","close"
"380","harmony"
"381","lounge"
"382","rare"
"383","ost"
"384","sadcore"
"385","manouche"
"386","merseybeat"
"387","banda"
"388","target_hotness"
